{
  "primary_72h": {
    "BTC grid \u00b13% 10 levels": {
      "sharpe": 9.429317337878441,
      "sortino": 15.289152294537582,
      "calmar": 231.14470942906053,
      "composite": 78.28786894789673,
      "max_dd": 0.0046437344961795125,
      "total_return": 0.00882225748590508,
      "final": 1008822.2574859051,
      "n_bars": 72
    },
    "BTC grid \u00b12% 15 levels": {
      "sharpe": 8.835804810384152,
      "sortino": 14.343231264600576,
      "calmar": 199.01873912685426,
      "composite": 68.09365568701175,
      "max_dd": 0.005033176829412447,
      "total_return": 0.008233121970346547,
      "final": 1008233.1219703465,
      "n_bars": 72
    },
    "BTC grid \u00b15% 10 levels": {
      "sharpe": 8.677838474547636,
      "sortino": 14.15715843142972,
      "calmar": 202.68391720900888,
      "composite": 69.07139007763884,
      "max_dd": 0.004911125252898821,
      "total_return": 0.008181420034205075,
      "final": 1008181.4200342051,
      "n_bars": 72
    },
    "BTC grid \u00b13% (cap 40%)": {
      "sharpe": 9.41422719566263,
      "sortino": 15.263586318851864,
      "calmar": 230.90740321601197,
      "composite": 78.20192365104313,
      "max_dd": 0.003099004610608553,
      "total_return": 0.0058815049906033095,
      "final": 1005881.5049906033,
      "n_bars": 72
    },
    "BTC grid \u00b13% (cap 80%)": {
      "sharpe": 9.444372642195942,
      "sortino": 15.314656018385586,
      "calmar": 231.38201564210303,
      "composite": 78.37377889264391,
      "max_dd": 0.006185295820889716,
      "total_return": 0.011763009981206619,
      "final": 1011763.0099812066,
      "n_bars": 72
    },
    "BTC+ETH multi-grid": {
      "sharpe": 7.454727429126708,
      "sortino": 11.556027241812178,
      "calmar": 126.8162096465379,
      "composite": 44.90369201942425,
      "max_dd": 0.008740989733875593,
      "total_return": 0.009110952218707419,
      "final": 1009110.9522187074,
      "n_bars": 72
    },
    "BTC+ETH+SOL multi-grid": {
      "sharpe": 6.656832849053932,
      "sortino": 10.125007025675695,
      "calmar": 107.25959954932387,
      "composite": 38.224932529783615,
      "max_dd": 0.009838051022473865,
      "total_return": 0.00867308558643586,
      "final": 1008673.0855864359,
      "n_bars": 72
    },
    "BTC+ETH+BNB multi-grid": {
      "sharpe": 4.9649281090520025,
      "sortino": 7.662006454671705,
      "calmar": 80.4392783972852,
      "composite": 28.68606453376984,
      "max_dd": 0.00818788389728833,
      "total_return": 0.005413376484646229,
      "final": 1005413.3764846462,
      "n_bars": 72
    },
    "Grid+hold hybrid 40/40": {
      "sharpe": 5.790148125649017,
      "sortino": 8.390334293377698,
      "calmar": 96.06718678852583,
      "composite": 33.91333419160353,
      "max_dd": 0.014225570003839623,
      "total_return": 0.011232414992318722,
      "final": 1011232.4149923187,
      "n_bars": 72
    },
    "Grid+hold hybrid 30/50": {
      "sharpe": 5.260389773448425,
      "sortino": 7.59891471856648,
      "calmar": 82.03437393649183,
      "composite": 29.22799500040867,
      "max_dd": 0.0164622644754452,
      "total_return": 0.011099766245096688,
      "final": 1011099.7662450967,
      "n_bars": 72
    }
  }
}