{
  "BTC-hold": {},
  "BTC-ETH 50/50": {
    "D1": {
      "sharpe": 0.27525690758461685,
      "sortino": 0.3326369598736078,
      "calmar": -0.3927607839897812,
      "composite": 0.0978036210278938,
      "max_dd": 0.04857596221687798,
      "total_return": -0.0002569966317804065,
      "final": 999743.0033682196,
      "n_bars": 118
    },
    "D2": {
      "sharpe": 1.3896522924495591,
      "sortino": 1.7172933771474108,
      "calmar": 8.67929907468613,
      "composite": 3.707602760999671,
      "max_dd": 0.051014030706967334,
      "total_return": 0.0059641999409014825,
      "final": 1005964.1999409015,
      "n_bars": 118
    },
    "D3-majors": {
      "sharpe": 7.905078772349102,
      "sortino": 11.983884060854862,
      "calmar": 106.53989963993284,
      "composite": 39.12704714802653,
      "max_dd": 0.03707161575715253,
      "total_return": 0.05365332653522887,
      "final": 1053653.3265352289,
      "n_bars": 119
    }
  },
  "5-coin basket": {
    "D1": {
      "sharpe": -1.9576218896998256,
      "sortino": -2.312582467039354,
      "calmar": -14.20088173390779,
      "composite": -5.772584073898026,
      "max_dd": 0.0622352149110328,
      "total_return": -0.011905000153314789,
      "final": 988094.9998466852,
      "n_bars": 118
    },
    "D2": {
      "sharpe": -0.37125537486373256,
      "sortino": -0.4557935436122107,
      "calmar": -4.722895310873385,
      "composite": -1.7105626231660196,
      "max_dd": 0.06372514189118697,
      "total_return": -0.004054124030944076,
      "final": 995945.8759690559,
      "n_bars": 118
    },
    "D3-majors": {
      "sharpe": 5.076174488859307,
      "sortino": 7.774892108470757,
      "calmar": 60.13482874267436,
      "composite": 22.6732578128484,
      "max_dd": 0.039139404592325684,
      "total_return": 0.03197298238330137,
      "final": 1031972.9823833014,
      "n_bars": 119
    }
  },
  "BTC grid \u00b13%": {
    "D1": {
      "sharpe": 4.213825893952744,
      "sortino": 6.20519394150076,
      "calmar": 35.85520477741558,
      "composite": 14.502786778010801,
      "max_dd": 0.023041541717411126,
      "total_return": 0.011128628448229051,
      "final": 1011128.628448229,
      "n_bars": 118
    },
    "D2": {
      "sharpe": 2.001816943506861,
      "sortino": 2.6109148951272605,
      "calmar": 15.695705856170454,
      "composite": 6.353622797954098,
      "max_dd": 0.013713625923485752,
      "total_return": 0.0028994194712964817,
      "final": 1002899.4194712965,
      "n_bars": 118
    },
    "D3-majors": {
      "sharpe": 11.206091199570542,
      "sortino": 19.715677862410985,
      "calmar": 174.75818684405056,
      "composite": 63.67555455805072,
      "max_dd": 0.009236699403158317,
      "total_return": 0.021927907759613823,
      "final": 1021927.9077596138,
      "n_bars": 119
    }
  },
  "BTC grid \u00b15%": {
    "D1": {
      "sharpe": 5.088377754739251,
      "sortino": 7.617444973484109,
      "calmar": 46.35868218360739,
      "composite": 18.481095970897634,
      "max_dd": 0.01722774825931283,
      "total_return": 0.010758147641842021,
      "final": 1010758.147641842,
      "n_bars": 118
    },
    "D2": {
      "sharpe": 1.7147369655533509,
      "sortino": 2.2279503036347927,
      "calmar": 12.589664470898379,
      "composite": 5.182500552389436,
      "max_dd": 0.013635603037479082,
      "total_return": 0.002312418346783845,
      "final": 1002312.4183467838,
      "n_bars": 118
    },
    "D3-majors": {
      "sharpe": 10.225954901222272,
      "sortino": 17.606902413242544,
      "calmar": 147.26714108318987,
      "composite": 54.29068976062066,
      "max_dd": 0.0097513948143327,
      "total_return": 0.019508121491980158,
      "final": 1019508.1214919802,
      "n_bars": 119
    }
  },
  "BTC grid tight \u00b12%": {
    "D1": {
      "sharpe": 1.968819735685338,
      "sortino": 2.609303070336741,
      "calmar": 14.813641712930057,
      "composite": 6.078459662719315,
      "max_dd": 0.027706746320037882,
      "total_return": 0.005528728531495202,
      "final": 1005528.7285314952,
      "n_bars": 118
    },
    "D2": {
      "sharpe": 1.8769618032065625,
      "sortino": 2.440143771493199,
      "calmar": 14.519274010249795,
      "composite": 5.8949282526341875,
      "max_dd": 0.013583553999065601,
      "total_return": 0.002656661463511875,
      "final": 1002656.6614635119,
      "n_bars": 118
    },
    "D3-majors": {
      "sharpe": 10.177878780274993,
      "sortino": 17.56358277621374,
      "calmar": 130.85753495987112,
      "composite": 49.33605723252933,
      "max_dd": 0.011538892178397039,
      "total_return": 0.02051189125676942,
      "final": 1020511.8912567694,
      "n_bars": 119
    }
  },
  "Pair rot z=1.5": {
    "D1": {
      "sharpe": 15.358961964726678,
      "sortino": 790.6921282338843,
      "calmar": 29470.937849973005,
      "composite": 9162.165894874874,
      "max_dd": 0.008512303288732688,
      "total_return": 4.811120351442556,
      "final": 5811120.351442556,
      "n_bars": 168
    },
    "D2": {
      "sharpe": 16.23340958463796,
      "sortino": 1727.5603251207585,
      "calmar": 69883.34078041687,
      "composite": 21660.896387048753,
      "max_dd": 0.004238474044067203,
      "total_return": 5.6805235125301365,
      "final": 6680523.512530137,
      "n_bars": 168
    },
    "D3-majors": {
      "sharpe": 15.278747171955883,
      "sortino": 1984.4846024657472,
      "calmar": 66968.8896949113,
      "composite": 20889.044373611272,
      "max_dd": 0.0037293422678947767,
      "total_return": 4.818234583844,
      "final": 5818234.5838440005,
      "n_bars": 169
    }
  },
  "Pair rot z=2.0": {
    "D1": {
      "sharpe": 14.380519864012188,
      "sortino": 4672.871972906932,
      "calmar": 167599.5612025808,
      "composite": 52153.331305896216,
      "max_dd": 0.001222157500313418,
      "total_return": 3.928305275098091,
      "final": 4928305.275098091,
      "n_bars": 168
    },
    "D2": {
      "sharpe": 13.255803822640004,
      "sortino": 3828.0200319120513,
      "calmar": 135511.63844395606,
      "composite": 42188.67628709843,
      "max_dd": 0.0012234826035686895,
      "total_return": 3.17965185074217,
      "final": 4179651.8507421697,
      "n_bars": 168
    },
    "D3-majors": {
      "sharpe": 11.704229905438867,
      "sortino": 3091.677338131696,
      "calmar": 45549.78207046619,
      "composite": 14905.116825364166,
      "max_dd": 0.0027265923368003223,
      "total_return": 2.396012677902691,
      "final": 3396012.677902691,
      "n_bars": 169
    }
  },
  "Pair rot z=1.0": {
    "D1": {
      "sharpe": 16.178324431312916,
      "sortino": 1071.231123871708,
      "calmar": 34083.59786354694,
      "composite": 10658.425305942157,
      "max_dd": 0.008511480981185366,
      "total_return": 5.563597986031915,
      "final": 6563597.986031915,
      "n_bars": 168
    },
    "D2": {
      "sharpe": 17.062567763028323,
      "sortino": 1350.0005667376,
      "calmar": 53268.56760064187,
      "composite": 16525.68927721651,
      "max_dd": 0.006266425577180485,
      "total_return": 6.40171123645756,
      "final": 7401711.23645756,
      "n_bars": 168
    },
    "D3-majors": {
      "sharpe": 14.386253230113608,
      "sortino": 1502.2096440276152,
      "calmar": 33322.40075958846,
      "composite": 10601.919961456619,
      "max_dd": 0.006326343416828931,
      "total_return": 4.06697633158019,
      "final": 5066976.33158019,
      "n_bars": 169
    }
  }
}