{
  "E1-patterns": {
    "default": {
      "total": 1302.5469677269089,
      "worst": -3451.8076662935823,
      "trades": 39,
      "wr": 0.5912698412698413,
      "pf": 1.0558693447318146,
      "dd": 0.03040556734432571,
      "by_dataset": {
        "D1": {
          "trades": 21,
          "wr": 0.5714285714285714,
          "pf": 0.9064678580623722,
          "pnl": -3451.8076662935823,
          "avg_r": 0.07955275769214759,
          "dd": 0.03040556734432571
        },
        "D2": {
          "trades": 18,
          "wr": 0.6111111111111112,
          "pf": 1.2052708314012568,
          "pnl": 4754.354634020491,
          "avg_r": 0.11536949472577805,
          "dd": 0.018028459953948542
        }
      }
    },
    "noBE": {
      "total": -4370.68981625799,
      "worst": -10664.378328986952,
      "trades": 34,
      "wr": 0.4409722222222222,
      "pf": 1.0232484809082574,
      "dd": 0.030957288675700897,
      "by_dataset": {
        "D1": {
          "trades": 18,
          "wr": 0.4444444444444444,
          "pf": 0.704214222897482,
          "pnl": -10664.378328986952,
          "avg_r": -0.004308533985487788,
          "dd": 0.030957288675700897
        },
        "D2": {
          "trades": 16,
          "wr": 0.4375,
          "pf": 1.3422827389190328,
          "pnl": 6293.6885127289615,
          "avg_r": 0.11499876139832159,
          "dd": 0.014567914398657584
        }
      }
    },
    "noSes": {
      "total": -19024.412829047345,
      "worst": -13575.895009832293,
      "trades": 51,
      "wr": 0.5092592592592593,
      "pf": 0.7819303558033258,
      "dd": 0.033908551773993996,
      "by_dataset": {
        "D1": {
          "trades": 27,
          "wr": 0.5185185185185185,
          "pf": 0.7129758175247942,
          "pnl": -13575.895009832293,
          "avg_r": -0.08014718531881974,
          "dd": 0.033908551773993996
        },
        "D2": {
          "trades": 24,
          "wr": 0.5,
          "pf": 0.8508848940818574,
          "pnl": -5448.517819215052,
          "avg_r": -0.08030482266651189,
          "dd": 0.025001936185542827
        }
      }
    },
    "zone": {
      "total": 2698.874055397721,
      "worst": 412.76763655298555,
      "trades": 40,
      "wr": 0.6228070175438596,
      "pf": 1.0483852246619767,
      "dd": 0.023689038951201363,
      "by_dataset": {
        "D1": {
          "trades": 21,
          "wr": 0.6666666666666666,
          "pf": 1.0792640094175938,
          "pnl": 2286.1064188447353,
          "avg_r": 0.17174340954363487,
          "dd": 0.023689038951201363
        },
        "D2": {
          "trades": 19,
          "wr": 0.5789473684210527,
          "pf": 1.0175064399063598,
          "pnl": 412.76763655298555,
          "avg_r": 0.026596833691846972,
          "dd": 0.01656826664601095
        }
      }
    }
  },
  "E2-donchian": {
    "default": {
      "total": -26403.348170738638,
      "worst": -19896.737306723164,
      "trades": 22,
      "wr": 0.3418803418803419,
      "pf": 0.4918616074219826,
      "dd": 0.023205936351989163,
      "by_dataset": {
        "D1": {
          "trades": 13,
          "wr": 0.46153846153846156,
          "pf": 0.7495576118459377,
          "pnl": -6506.6108640154725,
          "avg_r": -0.1700443896397791,
          "dd": 0.023205936351989163
        },
        "D2": {
          "trades": 9,
          "wr": 0.2222222222222222,
          "pf": 0.23416560299802744,
          "pnl": -19896.737306723164,
          "avg_r": -0.6090962157090813,
          "dd": 0.023205936351989163
        }
      }
    },
    "noBE": {
      "total": -26403.348170738638,
      "worst": -19896.737306723164,
      "trades": 22,
      "wr": 0.3418803418803419,
      "pf": 0.4918616074219826,
      "dd": 0.023205936351989163,
      "by_dataset": {
        "D1": {
          "trades": 13,
          "wr": 0.46153846153846156,
          "pf": 0.7495576118459377,
          "pnl": -6506.6108640154725,
          "avg_r": -0.1700443896397791,
          "dd": 0.023205936351989163
        },
        "D2": {
          "trades": 9,
          "wr": 0.2222222222222222,
          "pf": 0.23416560299802744,
          "pnl": -19896.737306723164,
          "avg_r": -0.6090962157090813,
          "dd": 0.023205936351989163
        }
      }
    },
    "noSes": {
      "total": -36231.77001426706,
      "worst": -30594.7951907346,
      "trades": 29,
      "wr": 0.3833333333333333,
      "pf": 0.5134813411641987,
      "dd": 0.03489107788063333,
      "by_dataset": {
        "D1": {
          "trades": 14,
          "wr": 0.5,
          "pf": 0.7832200497677482,
          "pnl": -5636.9748235324605,
          "avg_r": -0.13085853906737444,
          "dd": 0.023205936351988806
        },
        "D2": {
          "trades": 15,
          "wr": 0.26666666666666666,
          "pf": 0.24374263256064943,
          "pnl": -30594.7951907346,
          "avg_r": -0.5964370822728612,
          "dd": 0.03489107788063333
        }
      }
    },
    "zone": {
      "total": -16981.401454585328,
      "worst": -15216.879927495764,
      "trades": 20,
      "wr": 0.375,
      "pf": 0.6018328209821873,
      "dd": 0.01853905164244317,
      "by_dataset": {
        "D1": {
          "trades": 12,
          "wr": 0.5,
          "pf": 0.9172536423879498,
          "pnl": -1764.521527089564,
          "avg_r": -0.095952326526101,
          "dd": 0.01853905164244317
        },
        "D2": {
          "trades": 8,
          "wr": 0.25,
          "pf": 0.28641199957642466,
          "pnl": -15216.879927495764,
          "avg_r": -0.552839599297227,
          "dd": 0.01853905164244317
        }
      }
    }
  },
  "E3-ema-pull": {
    "default": {
      "total": -64255.90630416761,
      "worst": -41015.20300253884,
      "trades": 46,
      "wr": 0.30434782608695654,
      "pf": 0.31405542968221745,
      "dd": 0.04321702444128878,
      "by_dataset": {
        "D1": {
          "trades": 23,
          "wr": 0.34782608695652173,
          "pf": 0.4371844823244954,
          "pnl": -23240.70330162877,
          "avg_r": -0.412948333148601,
          "dd": 0.03755362204609823
        },
        "D2": {
          "trades": 23,
          "wr": 0.2608695652173913,
          "pf": 0.19092637703993948,
          "pnl": -41015.20300253884,
          "avg_r": -0.6568948462034361,
          "dd": 0.04321702444128878
        }
      }
    },
    "noBE": {
      "total": -67235.22309849705,
      "worst": -41204.66103409987,
      "trades": 45,
      "wr": 0.19861660079051383,
      "pf": 0.2584931450126583,
      "dd": 0.04205714335113403,
      "by_dataset": {
        "D1": {
          "trades": 23,
          "wr": 0.2608695652173913,
          "pf": 0.37770386713431703,
          "pnl": -26030.56206439719,
          "avg_r": -0.45639616358338353,
          "dd": 0.039793653325893796
        },
        "D2": {
          "trades": 22,
          "wr": 0.13636363636363635,
          "pf": 0.1392824228909996,
          "pnl": -41204.66103409987,
          "avg_r": -0.7128419453554957,
          "dd": 0.04205714335113403
        }
      }
    },
    "noSes": {
      "total": -103148.26679783236,
      "worst": -53910.1926627343,
      "trades": 64,
      "wr": 0.25024437927663734,
      "pf": 0.21907817899565443,
      "dd": 0.05860658179513726,
      "by_dataset": {
        "D1": {
          "trades": 33,
          "wr": 0.24242424242424243,
          "pf": 0.25764937306067914,
          "pnl": -49238.07413509806,
          "avg_r": -0.560080291679147,
          "dd": 0.05860658179513726
        },
        "D2": {
          "trades": 31,
          "wr": 0.25806451612903225,
          "pf": 0.18050698493062972,
          "pnl": -53910.1926627343,
          "avg_r": -0.6767234790981994,
          "dd": 0.05525976159868052
        }
      }
    },
    "zone": {
      "total": -48766.76410550373,
      "worst": -29239.734758139242,
      "trades": 43,
      "wr": 0.3484848484848485,