{
  "timestamp": 1775838209.479785,
  "config": {
    "starting_capital": 1000000.0,
    "risk_per_trade": 0.01,
    "max_open_positions": 5,
    "resample_minutes": 60,
    "min_quality": 6,
    "use_zone_filter": true,
    "use_session_filter": true,
    "maker_fee": 0.0005,
    "slippage_pct": 0.0003
  },
  "results": [
    {
      "label": "D1 (binance_1m_7d)",
      "trades": 44,
      "wr": 0.4318181818181818,
      "avg_r": -0.271813044719824,
      "pf": 0.6935031818902551,
      "pnl": -21262.672453156796,
      "sharpe": -1.795136572427993,
      "sortino": -0.6585306340966433,
      "max_dd_pct": 0.05530362655581604,
      "max_dd_dollar": 55303.62655581604,
      "expectancy": -0.271813044719824,
      "by_pattern": {
        "ACAPULCO": 7,
        "BUSTED_KT": 11,
        "2D_KT": 1,
        "DROP": 11,
        "GHOST_VALLEY": 4,
        "LK": 4,
        "KT": 2,
        "RHINO": 1,
        "BS": 2,
        "POGO": 1
      },
      "by_pattern_pnl": {
        "ACAPULCO": -9295.260977745353,
        "BUSTED_KT": -11577.992408551218,
        "2D_KT": -3941.4959174562005,
        "DROP": 13482.710005028,
        "GHOST_VALLEY": -2877.680957193468,
        "LK": -11684.541953625094,
        "KT": 121.17273791476555,
        "RHINO": 1024.444857747197,
        "BS": 2398.737430601825,
        "POGO": 1087.2347301227524
      }
    },
    {
      "label": "D2 (1min_7days)",
      "trades": 33,
      "wr": 0.42424242424242425,
      "avg_r": -0.2370140515310444,
      "pf": 0.5579387109070791,
      "pnl": -23805.334917485314,
      "sharpe": -1.213218898419884,
      "sortino": -0.25782872954598335,
      "max_dd_pct": 0.02950866727194911,
      "max_dd_dollar": 29736.168394474545,
      "expectancy": -0.23701405153104427,
      "by_pattern": {
        "ACAPULCO": 5,
        "BEND": 1,
        "BS": 3,
        "POGO": 2,
        "DROP": 8,
        "LK": 3,
        "BUSTED_KT": 5,
        "KT": 2,
        "GHOST_VALLEY": 3,
        "RHINO": 1
      },
      "by_pattern_pnl": {
        "ACAPULCO": 3755.269208399038,
        "BEND": -3768.5949062437116,
        "BS": 4941.985227217552,
        "POGO": -1429.5517428511534,
        "DROP": 403.41964017570945,
        "LK": -13356.464946650009,
        "BUSTED_KT": -10774.876831626885,
        "KT": 124.80968105095462,
        "GHOST_VALLEY": -4756.523338654191,
        "RHINO": 1055.193091697382
      }
    },
    {
      "label": "D1-first-half",
      "trades": 26,
      "wr": 0.19230769230769232,
      "avg_r": -0.7349696300461595,
      "pf": 0.10403601969667806,
      "pnl": -50176.97392821387,
      "sharpe": -3.869081103518798,
      "sortino": -1.3872970628613994,
      "max_dd_pct": 0.0505245920019456,
      "max_dd_dollar": 50524.592001945595,
      "expectancy": -0.7349696300461596,
      "by_pattern": {
        "ACAPULCO": 4,
        "BUSTED_KT": 9,
        "2D_KT": 1,
        "DROP": 4,
        "GHOST_VALLEY": 3,
        "LK": 1,
        "KT": 2,
        "RHINO": 1,
        "BS": 1
      },
      "by_pattern_pnl": {
        "ACAPULCO": -13467.187267155237,
        "BUSTED_KT": -16896.945924840926,
        "2D_KT": -3941.4959174562005,
        "DROP": -6997.225670351242,
        "GHOST_VALLEY": -6658.4692538022255,
        "LK": -4180.98209478983,
        "KT": -774.4283906789187,
        "RHINO": 1024.444857747197,
        "BS": 1715.3157331135142
      }
    },
    {
      "label": "D1-second-half",
      "trades": 23,
      "wr": 0.6086956521739131,
      "avg_r": 0.032081714707500895,
      "pf": 1.3858195036854133,
      "pnl": 9418.342619844343,
      "sharpe": 0.26719299810801206,
      "sortino": 0.0764400738455072,
      "max_dd_pct": 0.023997054834278653,
      "max_dd_dollar": 24043.378052430344,
      "expectancy": 0.03208171470750104,
      "by_pattern": {
        "BS": 3,
        "POGO": 1,
        "KT": 1,
        "ACAPULCO": 2,
        "GHOST_VALLEY": 1,
        "DROP": 12,
        "LK": 2,
        "BUSTED_KT": 1
      },
      "by_pattern_pnl": {
        "BS": -6214.286358113997,
        "POGO": 471.6937395819448,
        "KT": 367.88817407913825,
        "ACAPULCO": 121.70385478424487,
        "GHOST_VALLEY": -590.8972481816235,
        "DROP": 7388.917090263288,
        "LK": 659.5980067457681,
        "BUSTED_KT": 7213.725360685581
      }
    }
  ]
}